<?xml version="1.0" encoding="Cp1252"?>
<!-- ====================================================================== -->
<!--                                                                        -->
<!-- Generated by Maven Help Plugin on 2022-04-22T15:40:33+02:00            -->
<!-- See: http://maven.apache.org/plugins/maven-help-plugin/                -->
<!--                                                                        -->
<!-- ====================================================================== -->
<!-- ====================================================================== -->
<!--                                                                        -->
<!-- Effective POM for project 'com.example:app:jar:0.1.0'                  -->
<!--                                                                        -->
<!-- ====================================================================== -->
<project xmlns="http://maven.apache.org/POM/4.0.0" xmlns:xsi="http://www.w3.org/2001/XMLSchema-instance" xsi:schemaLocation="http://maven.apache.org/POM/4.0.0 https://maven.apache.org/xsd/maven-4.0.0.xsd">
  <modelVersion>4.0.0</modelVersion>
  <groupId>com.example</groupId>
  <artifactId>app</artifactId>
  <version>0.1.0</version>
  <name>quest</name>
  <url>http://www.example.com</url>
  <properties>
    <maven.compiler.source>11</maven.compiler.source>
    <maven.compiler.target>11</maven.compiler.target>
    <project.build.sourceEncoding>UTF-8</project.build.sourceEncoding>
  </properties>
  <dependencies>
    <dependency>
      <groupId>junit</groupId>
      <artifactId>junit</artifactId>
      <version>4.11</version>
      <scope>test</scope>
    </dependency>
  </dependencies>
  <repositories>
    <repository>
      <snapshots>
        <enabled>false</enabled>
      </snapshots>
      <id>central</id>
      <name>Central Repository</name>
      <url>https://repo.maven.apache.org/maven2</url>
    </repository>
  </repositories>
  <pluginRepositories>
    <pluginRepository>
      <releases>
        <updatePolicy>never</updatePolicy>
      </releases>
      <snapshots>
        <enabled>false</enabled>
      </snapshots>
      <id>central</id>
      <name>Central Repository</name>
      <url>https://repo.maven.apache.org/maven2</url>
    </pluginRepository>
  </pluginRepositories>
  <build>
    <sourceDirectory>C:\Users\A322182\Desktop\SEA8\JAVA\JavaProjects\Week08\020_Quest_Install_Maven\quest\src\main\java</sourceDirectory>
    <scriptSourceDirectory>C:\Users\A322182\Desktop\SEA8\JAVA\JavaProjects\Week08\020_Quest_Install_Maven\quest\src\main\scripts</scriptSourceDirectory>
    <testSourceDirectory>C:\Users\A322182\Desktop\SEA8\JAVA\JavaProjects\Week08\020_Quest_Install_Maven\quest\src\test\java</testSourceDirectory>
    <outputDirectory>C:\Users\A322182\Desktop\SEA8\JAVA\JavaProjects\Week08\020_Quest_Install_Maven\quest\target\classes</outputDirectory>
    <testOutputDirectory>C:\Users\A322182\Desktop\SEA8\JAVA\JavaProjects\Week08\020_Quest_Install_Maven\quest\target\test-classes</testOutputDirectory>
    <resources>
      <resource>
        <directory>C:\Users\A322182\Desktop\SEA8\JAVA\JavaProjects\Week08\020_Quest_Install_Maven\quest\src\main\resources</directory>
      </resource>
    </resources>
    <testResources>
      <testResource>
        <directory>C:\Users\A322182\Desktop\SEA8\JAVA\JavaProjects\Week08\020_Quest_Install_Maven\quest\src\test\resources</directory>
      </testResource>
    </testResources>
    <directory>C:\Users\A322182\Desktop\SEA8\JAVA\JavaProjects\Week08\020_Quest_Install_Maven\quest\target</directory>
    <finalName>app-0.1.0</finalName>
    <pluginManagement>
      <plugins>
        <plugin>
          <artifactId>maven-antrun-plugin</artifactId>
          <version>1.3</version>
        </plugin>
        <plugin>
          <artifactId>maven-assembly-plugin</artifactId>
          <version>2.2-beta-5</version>
        </plugin>
        <plugin>
          <artifactId>maven-dependency-plugin</artifactId>
          <version>2.8</version>
        </plugin>
        <plugin>
          <artifactId>maven-release-plugin</artifactId>
          <version>2.5.3</version>
        </plugin>
        <plugin>
          <artifactId>maven-clean-plugin</artifactId>
          <version>3.1.0</version>
        </plugin>
        <plugin>
          <artifactId>maven-resources-plugin</artifactId>
          <version>3.0.2</version>
        </plugin>
        <plugin>
          <artifactId>maven-compiler-plugin</artifactId>
          <version>3.8.0</version>
        </plugin>
        <plugin>
          <artifactId>maven-surefire-plugin</artifactId>
          <version>2.22.1</version>
        </plugin>
        <plugin>
          <artifactId>maven-jar-plugin</artifactId>
          <version>3.0.2</version>
          <configuration>
            <archive>
              <manifest>
                <addClasspath>true</addClasspath>
                <mainClass>com.example.App</mainClass>
                <classpathPrefix>dependency-jars/</classpathPrefix>
              </manifest>
              <manifestEntries>
                <Built-By>${Bernd.B}</Built-By>
              </manifestEntries>
            </archive>
          </configuration>
        </plugin>
        <plugin>
          <artifactId>maven-install-plugin</artifactId>
          <version>2.5.2</version>
        </plugin>
        <plugin>
          <artifactId>maven-deploy-plugin</artifactId>
          <version>2.8.2</version>
        </plugin>
        <plugin>
          <artifactId>maven-site-plugin</artifactId>
          <version>3.7.1</version>
        </plugin>
        <plugin>
          <artifactId>maven-project-info-reports-plugin</artifactId>
          <version>3.0.0</version>
        </plugin>
      </plugins>
    </pluginManagement>
    <plugins>
      <plugin>
        <artifactId>maven-clean-plugin</artifactId>
        <version>3.1.0</version>
        <executions>
          <execution>
            <id>default-clean</id>
            <phase>clean</phase>
            <goals>
              <goal>clean</goal>
            </goals>
          </execution>
        </executions>
      </plugin>
      <plugin>
        <artifactId>maven-resources-plugin</artifactId>
        <version>3.0.2</version>
        <executions>
          <execution>
            <id>default-testResources</id>
            <phase>process-test-resources</phase>
            <goals>
              <goal>testResources</goal>
            </goals>
          </execution>
          <execution>
            <id>default-resources</id>
            <phase>process-resources</phase>
            <goals>
              <goal>resources</goal>
            </goals>
          </execution>
        </executions>
      </plugin>
      <plugin>
        <artifactId>maven-jar-plugin</artifactId>
        <version>3.0.2</version>
        <executions>
          <execution>
            <id>default-jar</id>
            <phase>package</phase>
            <goals>
              <goal>jar</goal>
            </goals>
            <configuration>
              <archive>
                <manifest>
                  <addClasspath>true</addClasspath>
                  <mainClass>com.example.App</mainClass>
                  <classpathPrefix>dependency-jars/</classpathPrefix>
                </manifest>
                <manifestEntries>
                  <Built-By>${Bernd.B}</Built-By>
                </manifestEntries>
              </archive>
            </configuration>
          </execution>
        </executions>
        <configuration>
          <archive>
            <manifest>
              <addClasspath>true</addClasspath>
              <mainClass>com.example.App</mainClass>
              <classpathPrefix>dependency-jars/</classpathPrefix>
            </manifest>
            <manifestEntries>
              <Built-By>${Bernd.B}</Built-By>
            </manifestEntries>
          </archive>
        </configuration>
      </plugin>
      <plugin>
        <artifactId>maven-compiler-plugin</artifactId>
        <version>3.8.0</version>
        <executions>
          <execution>
            <id>default-compile</id>
            <phase>compile</phase>
            <goals>
              <goal>compile</goal>
            </goals>
          </execution>
          <execution>
            <id>default-testCompile</id>
            <phase>test-compile</phase>
            <goals>
              <goal>testCompile</goal>
            </goals>
          </execution>
        </executions>
      </plugin>
      <plugin>
        <artifactId>maven-surefire-plugin</artifactId>
        <version>2.22.1</version>
        <executions>
          <execution>
            <id>default-test</id>
            <phase>test</phase>
            <goals>
              <goal>test</goal>
            </goals>
          </execution>
        </executions>
      </plugin>
      <plugin>
        <artifactId>maven-install-plugin</artifactId>
        <version>2.5.2</version>
        <executions>
          <execution>
            <id>default-install</id>
            <phase>install</phase>
            <goals>
              <goal>install</goal>
            </goals>
          </execution>
        </executions>
      </plugin>
      <plugin>
        <artifactId>maven-deploy-plugin</artifactId>
        <version>2.8.2</version>
        <executions>
          <execution>
            <id>default-deploy</id>
            <phase>deploy</phase>
            <goals>
              <goal>deploy</goal>
            </goals>
          </execution>
        </executions>
      </plugin>
      <plugin>
        <artifactId>maven-site-plugin</artifactId>
        <version>3.7.1</version>
        <executions>
          <execution>
            <id>default-site</id>
            <phase>site</phase>
            <goals>
              <goal>site</goal>
            </goals>
            <configuration>
              <outputDirectory>C:\Users\A322182\Desktop\SEA8\JAVA\JavaProjects\Week08\020_Quest_Install_Maven\quest\target\site</outputDirectory>
              <reportPlugins>
                <reportPlugin>
                  <groupId>org.apache.maven.plugins</groupId>
                  <artifactId>maven-project-info-reports-plugin</artifactId>
                </reportPlugin>
              </reportPlugins>
            </configuration>
          </execution>
          <execution>
            <id>default-deploy</id>
            <phase>site-deploy</phase>
            <goals>
              <goal>deploy</goal>
            </goals>
            <configuration>
              <outputDirectory>C:\Users\A322182\Desktop\SEA8\JAVA\JavaProjects\Week08\020_Quest_Install_Maven\quest\target\site</outputDirectory>
              <reportPlugins>
                <reportPlugin>
                  <groupId>org.apache.maven.plugins</groupId>
                  <artifactId>maven-project-info-reports-plugin</artifactId>
                </reportPlugin>
              </reportPlugins>
            </configuration>
          </execution>
        </executions>
        <configuration>
          <outputDirectory>C:\Users\A322182\Desktop\SEA8\JAVA\JavaProjects\Week08\020_Quest_Install_Maven\quest\target\site</outputDirectory>
          <reportPlugins>
            <reportPlugin>
              <groupId>org.apache.maven.plugins</groupId>
              <artifactId>maven-project-info-reports-plugin</artifactId>
            </reportPlugin>
          </reportPlugins>
        </configuration>
      </plugin>
    </plugins>
  </build>
  <reporting>
    <outputDirectory>C:\Users\A322182\Desktop\SEA8\JAVA\JavaProjects\Week08\020_Quest_Install_Maven\quest\target\site</outputDirectory>
  </reporting>
</project>